HD,constellation,Star,ColorIndex,Distance,AbsMag
,,Sol,0.656,0.000004848,4.85
28,Pisces,,1.029,39.4011032309,1.6324580888
123,Cassiopeia,V640 Cas,0.687,20.2839756592,4.4442345964
142,Phoenix,,0.519,25.641025641,3.6553230351
358,Andromeda,Alpheratz,-0.038,29.7619047619,-0.2983036131
432,Cassiopeia,Caph,0.38,16.6972783436,1.1667715654
496,Phoenix,,1.013,42.9553264605,0.7149148799
693,Cetus,,0.487,18.8893086513,3.5089196848
739,Sculptor,,0.459,21.8102508179,3.5466967
905,Andromeda,,0.331,35.0017500875,2.9895512019
1404,Andromeda,,0.054,43.2713111207,1.3289997274
1581,Tucana,,0.576,8.5925416738,4.5593917643
1671,Andromeda,,0.442,48.971596474,1.7102786888
1835,Cetus,BE Cet,0.659,20.3873598369,4.8431950586
2151,Hydrus,,0.618,7.4749588877,3.4519559581
2261,Phoenix,Ankaa,1.083,23.7304224015,0.5234726564
2262,Phoenix,,0.175,23.5238767349,2.0724555248
2726,Phoenix,,0.367,45.0653447499,2.4007865112
2884,Tucana,,-0.064,42.8265524625,1.2014344245
3003,Tucana,,0.038,46.468401487,1.734211335
3158,Phoenix,,0.472,25.6213169357,3.5269927564
3196,Cetus,,0.567,21.0482003789,3.5839251521
3302,Phoenix,,0.461,36.2187613184,2.7153320332
3326,Cetus,BG Cet,0.297,49.7017892644,2.5781398819
3443,Cetus,,0.715,15.5327741535,4.6137548617
3627,Andromeda,,1.268,31.0655483069,0.8086048834
3651,Pisces,,0.85,11.1074086416,5.6519362507
3735,Sculptor,Z Scl,0.519,41.4593698176,3.5918865173
3823,Tucana,,0.564,25.4712175242,3.8597514763
4089,Tucana,,0.515,40.6669377796,2.3337926437
4128,Cetus,Diphda,1.019,29.3772032902,-0.3000522429
4247,Cetus,,0.35,27.8396436526,2.99668164
4307,Cetus,,0.603,31.8572793883,3.6339565785
4391,Phoenix,,0.635,14.94321578,4.9277796615
4614,Cassiopeia,,0.587,5.9527352819,4.5864171505
4628,Pisces,,0.89,7.4604595643,6.3761720958
4676,Pisces,,0.502,23.9234449761,3.1758814089
4813,Cetus,,0.514,15.4583397743,4.2241857557
5015,Cassiopeia,,0.54,18.5701021356,3.4559285382
5286,Andromeda,,1.012,38.9256520047,2.5088205213
5448,Andromeda,,0.13,41.7885499373,0.7547134931
6479,Pisces,,0.383,45.7247370828,3.0492439152
6480,Pisces,,0.484,44.0722785368,4.0391724794
6582,Cassiopeia,,0.704,7.5528700906,5.7794399255
6680,Pisces,,0.398,41.8935902807,3.119262095
6695,Pisces,,0.121,49.4315373208,2.0899794139
6706,Cetus,,0.446,47.6871721507,2.3179921523
6734,Cetus,,0.847,46.4468183929,3.1052201491
6763,Pisces,,0.334,35.9195402299,2.7333461547
6805,Cetus,,1.161,36.0620266859,0.6747493479
6961,Cassiopeia,,0.17,42.1407501054,1.2164886911
7106,Pisces,,1.092,49.7265042268,1.027060353
7344,Pisces,,0.32,45.2693526483,1.9309785794
7439,Cetus,,0.448,24.384296513,3.2044488464
7476,Cetus,,0.428,43.8788942519,2.4887216259
7570,Phoenix,,0.571,15.053439711,4.0818212622
7727,Cetus,,0.563,29.6912114014,4.1568604141
7788,Tucana,,0.48,20.43318349,2.6983198251
8512,Cetus,,1.065,35.1123595506,0.8726999248
8538,Cassiopeia,Ruchbah,0.16,30.4785126486,0.2400311519
8556,Cetus,,0.407,44.7828034035,2.6644436154
8671,Andromeda,,0.52,41.3052457662,2.8999739472
8723,Pisces,,0.395,26.075619296,3.2688268414
8799,Andromeda,,0.421,28.3045570337,2.5707181872
8829,Cetus,,0.321,36.2976406534,2.7106080159
9021,Cassiopeia,,0.489,29.2483182217,3.489495504
9362,Phoenix,,0.972,45.1467268623,0.6568686528
9562,Cetus,,0.639,29.6647878968,3.3887937626
9826,Andromeda,Titawin,0.536,13.468013468,3.4534822899
9919,Pisces,,0.347,33.8066260987,2.8949908483
10144,Eridanus,Achernar,-0.158,44.0917107584,-2.7717847489
10307,Andromeda,,0.618,12.6438234922,4.4506078777
10360,Eridanus,,0.88,8.1466395112,6.205107504
10361,Eridanus,,0.86,8.1466395112,6.245107504
10476,Pisces,,0.836,7.467702188,5.8740650502
10647,Eridanus,,0.551,17.3520735728,4.3232430979
10697,Pisces,,0.72,32.5626831651,3.7063990822
10700,Cetus,,0.727,3.6473720684,5.6800996602
10780,Cassiopeia,,0.804,9.9760574621,5.6352052899
10800,Octans,,0.62,27.1296798698,3.7127766544
10830,Sculptor,,0.395,27.4273176083,3.0990833216
11007,Triangulum,,0.572,27.2851296044,3.6003698949
11151,Perseus,,0.419,44.6030330062,2.7131780413
11171,Cetus,,0.333,23.6127508855,2.7942670733
11257,Aries,,0.302,42.6257459506,2.7716400389
11443,Triangulum,Mothallah,0.488,19.6579516414,1.9523086882
11636,Aries,Sheratan,0.165,18.268176836,1.3315239654
11937,Eridanus,,0.844,17.4855744011,2.4766004827
11973,Aries,,0.29,40.8329930584,1.7349439256
12111,Cassiopeia,,0.164,35.8294518094,1.7187991824
12216,Cassiopeia,,-0.002,49.7017892644,0.4681398819
12230,Cassiopeia,,0.345,33.5570469799,2.6410813204
12235,Pisces,,0.61,31.0752019888,3.4279301988
12311,Hydrus,,0.29,21.86270223,1.1614808014
12311,Hydrus,,0.29,21.86270223,1.1614808014
12311,Centaurus,,0.29,21.86270223,1.1614808014
12311,Centaurus,,0.29,21.86270223,1.1614808014
12363,Hydrus,,0.448,41.3223140496,3.0690768299
12446,Pisces,,0.024,42.6439232409,0.6707142353
12800,Cassiopeia,,0.551,27.344818157,4.3856248017
12929,Aries,Hamal,1.151,20.2101859337,0.4821484548
13161,Triangulum,,0.14,38.1097560976,0.0948191535
13421,Cetus,,0.569,42.5170068027,2.497186587
13555,Aries,,0.457,30.1295570955,2.835036262
13612,Cetus,,0.546,46.0617227084,2.3332991173
13871,Aries,,0.439,40.1123144805,2.7736113925
13872,Aries,,0.52,48.1463649494,2.1571824827
13974,Triangulum,,0.607,10.8459869848,4.6636546053
14055,Triangulum,,0.019,36.0620266859,1.2447493479
14214,Cetus,,0.588,24.975024975,3.612470344
14228,Eridanus,,-0.12,47.4833808167,0.1772918342
14622,Andromeda,,0.289,47.258979206,2.4375783168
14691,Cetus,,0.364,29.8685782557,3.0539272466
14802,Fornax,,0.608,21.9298245614,3.4848242133
15008,Hydrus,,0.034,41.4937759336,0.9900852129
15089,Cassiopeia,,0.153,43.4027777778,1.2724123738
15228,Cetus,,0.45,36.3636363636,3.6466634692
15233,Horologium,,0.395,49.0196078431,1.9081508371
15257,Triangulum,,0.311,47.5963826749,1.902130262
15335,Triangulum,,0.591,30.7881773399,3.4480801028
15427,Fornax,,0.089,46.8384074941,1.7769893968
15798,Cetus,,0.454,25.8197779499,2.6802374849
15814,Aries,,0.572,28.7026406429,3.7103907317
16141,Cetus,,0.67,35.9066427289,4.0541259975
16160,Cetus,,0.918,7.2087658593,6.5006954007
16232,Aries,,0.41,39.4321766562,4.120746246
16234,Aries,,0.516,35.2112676056,2.9065917002
16246,Aries,,0.51,40.1284109149,3.4627401899
16417,Fornax,,0.653,25.5362614913,3.7442134157
16538,Fornax,,0.476,35.7270453733,3.0750144923
16555,Horologium,,0.289,44.4642063139,2.0599472772
16620,Cetus,,0.447,27.0343336037,2.6704216566
16673,Cetus,,0.524,21.5424386041,4.1235256806
16739,Perseus,,0.582,24.6791707799,2.9483471834
16754,Eridanus,,0.061,39.7614314115,1.742689947
16765,Cetus,,0.511,21.6262975779,4.0450891271
16815,Eridanus,,1.006,44.6030330062,0.8631780413
16825,Cetus,,0.429,49.2853622474,2.5164102352
16895,Perseus,,0.514,11.2321689318,3.8476818669
16920,Horologium,,0.411,48.8042947779,1.767709792
16970,Cetus,,0.093,25.1382604324,1.4683238939
16978,Hydrus,,-0.061,47.0145745181,0.7588374495
17051,Horologium,,0.561,17.2413793103,4.2171399678
17093,Aries,UV Ari,0.234,38.240917782,2.257358466
17094,Cetus,,0.311,25.8331180573,2.2091158566
17206,Eridanus,,0.481,13.9742873113,3.7433516595
17573,Aries,,-0.1,48.8997555012,0.1634665617
17584,Perseus,,0.343,39.1542678152,1.2561044646
17948,Cassiopeia,,0.445,26.4690312335,3.4763097679
18256,Aries,,0.471,35.4107648725,2.8343234619
18262,Cetus,,0.478,44.5235975067,2.7270487596
18322,Eridanus,Azha,1.088,40.8329930584,0.8349439256
18404,Aries,,0.415,31.8369945877,3.285339682
18454,Eridanus,,0.238,48.6854917235,2.0030021963
18622,Eridanus,Acamar,0.128,49.4559841741,-0.5910942437
18692,Fornax,,0.427,32.3415265201,3.1411974262
18803,Aries,,0.696,21.164021164,4.9920090642
18907,Fornax,,0.794,30.3582270795,3.4686179742
18978,Eridanus,,0.163,26.4200792602,1.9703294192
19107,Eridanus,,0.193,43.0663221361,2.089311077
19275,Cassiopeia,,0.035,49.6277915633,1.3713752524
19319,Horologium,,0.349,42.2475707647,1.9909912896
19356,Perseus,Algol,-0.003,28.4575981787,-0.1809912142
19373,Perseus,,0.595,10.5340777415,3.9370174044
19476,Perseus,,0.98,34.4234079174,1.1057306836
19994,Cetus,,0.575,22.3763705527,3.3210517733
20010,Fornax,,0.543,14.1123341801,3.05200574
20320,Eridanus,Zibal,0.232,36.7917586461,1.971247262
20395,Eridanus,,0.407,34.6860908776,3.4392232119
20630,Cetus,,0.681,9.1591866642,5.0307154498
20631,Eridanus,,0.381,36.5898280278,2.9031981585
20675,Perseus,,0.468,45.7456541629,2.6382507881
20677,Perseus,,0.051,47.619047619,1.5710964737
20766,Reticulum,,0.641,12.1197430614,5.1125329356
20794,Eridanus,,0.711,6.0598715307,5.3476829139
20807,Reticulum,,0.6,12.0787534726,4.829889413
21024,Hydrus,,0.438,29.3944738389,3.1686715464
21722,Hydrus,,0.415,39.2927308448,2.9884389334
21770,Perseus,,0.398,36.4166059723,2.4935026645
22001,Reticulum,,0.41,21.436227224,3.0542582404
22049,Eridanus,Ran,0.881,3.2180209171,6.1820556866
22468,Taurus,V711 Tau,0.885,28.9687137891,3.5103539352
22484,Taurus,,0.575,13.7193030594,3.6033397511
22701,Cepheus,,0.393,40.9165302782,2.7805060079
22713,Eridanus,,0.921,35.1617440225,3.2396479603
23249,Eridanus,,0.915,9.0432266233,3.738382928
23281,Eridanus,,0.216,42.9184549356,2.4267796051
23754,Eridanus,,0.434,17.9243592042,2.9527818071
23817,Reticulum,,1.133,30.5716906145,1.4134027206
24071,Eridanus,,-0.038,49.4315373208,0.8299794139
24357,Taurus,,0.354,41.4250207125,2.8836863288
24546,Perseus,,0.425,40.7996736026,2.2267165563
24712,Eridanus,DO Eri,0.323,48.9955903969,2.5392150236
24740,Taurus,,0.345,44.8229493501,2.3624978514
25069,Eridanus,,1.001,43.7062937063,2.6472801006
25202,Taurus,,0.319,45.4752160073,2.6011261468
25457,Eridanus,,0.516,19.2307692308,3.9600167182
25490,Taurus,,0.032,39.6196513471,0.9204467529
25570,Taurus,,0.371,35.9712230216,2.6702239796
25621,Taurus,,0.505,34.6380325598,2.6622339194
25680,Taurus,,0.62,16.7252048838,4.7831427671
25867,Taurus,,0.359,27.5785990072,3.0071389988
25945,Eridanus,,0.324,43.1778929188,2.4136927753
25975,Perseus,,0.943,44.1306266549,2.8462995276
25998,Perseus,,0.52,21.3356091316,3.8744747676
26462,Taurus,,0.36,38.6249517188,2.7756602522
26574,Eridanus,Beid,0.327,38.4911470362,1.1131957337
26690,Taurus,,0.366,36.9822485207,2.4500334363
26911,Taurus,,0.4,44.4247001333,3.071877475
26913,Taurus,V891 Tau,0.68,20.8942749687,5.3398634714
26923,Taurus,V774 Tau,0.57,21.186440678,4.6897099932
26965,Eridanus,Keid,0.82,5.0443906376,5.9159564452
26967,Horologium,,1.085,35.9066427289,1.0741259975
27045,Taurus,,0.259,28.677946659,2.6422597369
27290,Dorado,,0.312,20.3004466098,2.7224720375
27371,Taurus,,0.981,47.2366556448,0.2786042901
27383,Taurus,,0.509,42.9737859905,3.6839819164
27397,Taurus,V483 Tau,0.283,44.8229493501,2.3224978514
27442,Reticulum,,1.078,18.234865062,3.1354872306
27459,Taurus,V696 Tau,0.225,47.1698113208,1.8916793046
27628,Taurus,V775 Tau,0.315,45.7247370828,2.4192439152
27697,Taurus,,0.983,46.9704086426,0.4108783072
27749,Taurus,,0.31,47.2366556448,2.2686042901
27786,Perseus,,0.4,41.6666666667,2.6710562086
27819,Taurus,,0.154,44.7227191413,1.5473589961
27901,Taurus,,0.378,49.0196078431,2.5181508371
27934,Taurus,,0.136,47.0145745181,0.8488374495
27946,Taurus,,0.25,44.1501103753,2.0453410317
27962,Taurus,V776 Tau,0.049,45.3514739229,1.017042969
27991,Taurus,,0.509,46.5766185375,3.0991602222
28024,Taurus,,0.263,47.460844803,0.898322678
28052,Taurus,V777 Tau,0.262,47.9386385427,1.0765715205
28226,Taurus,,0.27,47.9616306954,2.3155302965
28305,Taurus,Ain,1.014,47.5285171103,0.1452286774
28307,Taurus,,0.952,48.4027105518,0.4156515859
28319,Taurus,,0.179,45.6829602558,0.1012288078
28355,Taurus,,0.215,49.1883915396,1.5606868932
28485,Taurus,,0.324,43.6109899695,2.3820202736
28527,Taurus,,0.17,44.3655723159,1.5447695586
28546,Taurus,,0.258,44.3458980044,2.2357327311
28556,Taurus,,0.263,45.7875457875,2.0962631702
28677,Taurus,,0.338,44.9438202247,2.7466500766
28910,Taurus,,0.255,46.7508181393,1.3010539229
29085,Eridanus,,0.972,38.1388253242,1.5831634368
29139,Taurus,Aldebaran,1.538,19.9640646836,-0.6312448416
29140,Taurus,,0.184,46.1254612546,0.9302963893
29375,Taurus,,0.312,45.5373406193,2.4881616789
29388,Taurus,,0.122,45.8926112896,0.9612861512
29391,Eridanus,,0.283,29.7619047619,2.8516963869
29399,Reticulum,,1.028,45.9981600736,2.4762976988
29479,Taurus,,0.141,46.533271289,1.7411820775
29488,Taurus,,0.147,48.7567040468,1.2298283018
29503,Eridanus,,1.082,33.5120643432,1.233994094
29645,Perseus,,0.593,31.2207305651,3.4977846933
29678,Camelopardalis,,0.283,45.6204379562,2.6642027491
29859,Taurus,,0.544,49.9251123315,2.6884047465
29875,Caelum,,0.342,20.1328769881,2.9204708
29992,Caelum,,0.391,27.6548672566,2.831142109
30034,Orion,,0.251,48.2392667631,1.9729965105
30121,Camelopardalis,,0.246,49.7017892644,1.8081398819
30495,Eridanus,,0.632,13.3155792277,4.868199685
30562,Eridanus,,0.631,26.5041081368,3.653434026
30606,Eridanus,,0.537,41.5627597672,2.666478115
30652,Orion,,0.484,8.025682183,3.6675902116
31203,Pictor,,0.341,37.078235076,2.7344047323
31204,Pictor,,0.483,32.0718409237,3.8893805543
31295,Orion,,0.085,36.9822485207,1.8000334363
31647,Auriga,,0.037,48.7804878049,1.4887693053
31845,Taurus,,0.45,43.3087916847,3.5671196646
31925,Lepus,,0.447,43.1592576608,2.4746301689
32301,Taurus,,0.155,49.9750124938,1.1262354432
32537,Auriga,,0.343,26.2191924489,2.8869034435
32743,Pictor,,0.421,26.1848651479,3.2797482919
32923,Taurus,,0.657,15.8679784195,3.9073919942
33021,Orion,,0.625,28.2965478212,3.8913327259
33093,Lepus,,0.606,36.231884058,3.1745454103
33111,Eridanus,Cursa,0.161,27.2405339145,0.6039219225
33167,Auriga,,0.452,46.2107208872,2.3462862822
33256,Eridanus,,0.455,25.0062515629,3.1197570207
33262,Dorado,,0.526,11.6509379005,4.3781955626
33564,Camelopardalis,,0.506,20.9819555183,3.4707701901
33608,Orion,,0.462,38.4024577573,2.9682048995
33641,Auriga,,0.189,49.8007968127,1.3338185424
34029,Auriga,Capella,0.795,12.9382843835,-0.4793834635
34411,Auriga,,0.63,12.6454223571,4.1803333032
34538,Lepus,,0.932,48.3325277912,2.0588024533
34642,Columba,,0.987,33.7495781303,2.1686582574
34721,Lepus,,0.572,24.931438544,3.9762633099
34721,Lepus,,0.572,24.931438544,3.9762633099
34721,Carina,,0.572,24.931438544,3.9762633099
34721,Carina,,0.572,24.931438544,3.9762633099
35072,Pictor,,0.517,36.1010830325,2.6523988453
35296,Taurus,,0.544,14.6649068778,4.1686034522
35497,Taurus,Elnath,-0.13,40.1767778224,-1.369875517
35736,Lepus,,0.441,43.0292598967,2.6111806186
36066,Camelopardalis,,0.587,43.8788942519,3.2287216259
36079,Lepus,Nihal,0.807,48.8042947779,-0.632290208
36553,Pictor,,0.615,43.72540446,2.256330823
37160,Orion,,0.951,35.5871886121,1.3335315995
37430,Columba,,0.322,44.5632798574,2.9051142629
37495,Columba,,0.486,42.4808836024,2.1390322925
37507,Orion,,0.139,47.0809792844,1.405772562
37594,Orion,,0.294,41.3907284768,2.9054846497
37763,Mensa,,1.13,30.8356460068,2.7347347434
38392,Lepus,,0.94,8.9694142972,6.3661795773
38393,Lepus,,0.481,8.9694142972,3.8261795773
38529,Orion,,0.773,42.4268137463,2.8117979126
38678,Lepus,,0.104,21.5192597375,1.8858633624
38858,Orion,,0.639,15.5642023346,5.00936566
39014,Dorado,,0.217,44.4839857651,1.0989815345
39060,Pictor,,0.171,19.2789666474,2.42458124
39091,Mensa,,0.6,18.2083029862,4.3486526428
39364,Lepus,,0.984,34.4234079174,1.0757306836
39425,Columba,Wazn,1.146,26.3574064312,1.0154866328
39587,Orion,,0.594,8.6632591181,4.7015934783
40035,Auriga,,1.01,43.0663221361,0.549311077
40136,Lepus,,0.337,15.0443809237,2.8231283939
40183,Auriga,Menkalinan,0.077,25.1762336354,-0.1049538009
40292,Pictor,,0.295,34.9040139616,2.5756231315
40409,Dorado,,1.022,27.2702481593,2.4715545498
40932,Orion,,0.17,46.533271289,0.7811820775
41116,Gemini,,0.835,46.2107208872,0.8362862822
41742,Puppis,,0.493,27.0197243988,3.7715954255
43042,Orion,,0.43,21.1282484682,3.5756825223
43318,Orion,,0.506,35.6887937188,2.8573406547
43378,Lynx,UZ Lyn,0.032,45.7038391225,1.1402365883
43386,Orion,,0.431,19.6078431373,3.5778508805
43587,Orion,,0.61,19.3199381762,4.2699713383
43834,Mensa,,0.714,10.1481631825,5.0480627897
43834,Mensa,,0.714,10.1481631825,5.0480627897
43834,Puppis,,0.714,10.1481631825,5.0480627897
43834,Puppis,,0.714,10.1481631825,5.0480627897
44769,Monoceros,,0.215,39.3855848759,1.4133135044
44770,Monoceros,,0.45,24.3368216111,4.7886807063
45067,Monoceros,,0.564,33.0906684315,3.2814723
46304,Monoceros,,0.256,43.233895374,2.4208781639
46569,Carina,,0.534,37.2162262747,2.7263383322
46588,Camelopardalis,,0.525,17.850767583,4.1817155224
47105,Gemini,Alhena,0.001,32.1336760925,-0.6048020584
47205,CanisMajor,,1.037,19.8373338623,2.4625834872
48097,Gemini,,0.063,42.7167876976,2.0470070685
48682,Auriga,,0.575,16.5125495376,4.1509293325
48737,Gemini,,0.443,17.537706068,2.1301360649
48915,CanisMajor,Sirius,0.009,2.6370612589,1.4543989071
49095,CanisMajor,,0.491,24.2718446602,3.9944860802
49434,Monoceros,,0.292,40.0801603206,2.7353527498
49933,Monoceros,,0.396,29.8953662182,3.4019806105
50223,Puppis,,0.46,25.2143217347,3.1317635493
50223,Puppis,,0.46,25.2143217347,3.1317635493
50223,Ophiuchus,,0.46,25.2143217347,3.1317635493
50223,Ophiuchus,,0.46,25.2143217347,3.1317635493
50241,Pictor,,0.225,30.3398058252,0.8299360151
50635,Gemini,,0.321,27.940765577,2.498808492
50692,Gemini,,0.573,17.2741406115,4.5530177478
51199,CanisMajor,,0.374,29.2312189418,2.3307653709
51530,Gemini,,0.52,47.3933649289,2.8214122765
51733,CanisMajor,,0.39,38.5505011565,2.5198498587
52711,Gemini,,0.595,19.0949016613,4.5254128695
53705,Puppis,,0.624,16.2495937602,4.5057874596
55575,Lynx,,0.576,16.8605631428,4.4056396202
55864,Volans,,0.436,45.1263537906,2.4078487803
55865,Volans,,1.006,43.4404865334,0.5905265965
55892,Puppis,QW Pup,0.324,21.1774671749,2.8606299137
56537,Gemini,,0.106,28.9100896213,1.2747528101
56963,Lynx,,0.342,34.4946533287,3.0512410768
56986,Gemini,Wasat,0.374,18.0342651037,2.2195077524
57167,CanisMajor,R CMa,0.346,44.0334654337,2.4810856711
57727,Gemini,,0.902,47.2366556448,1.6686042901
58207,Gemini,,1.024,38.61003861,0.8464988204
58461,CanisMajor,,0.432,34.8189415042,3.0809221779
58728,Gemini,,0.455,34.0367597005,2.5402589573
58855,Lynx,,0.47,19.9004975124,3.8556803305
58946,Gemini,,0.32,18.4979652238,2.8243802068
59037,Gemini,,0.12,50,1.5751499783
59380,Monoceros,,0.487,27.8164116829,3.6384944736
59984,Monoceros,,0.54,29.9401197605,3.5187323341
60111,CanisMinor,,0.321,42.662116041,2.4397880367
60179,Gemini,Castor,0.034,15.8052789632,0.5859891723
60532,Puppis,,0.521,25.7003341043,2.390306154
60584,Puppis,,0.468,29.0613193839,2.7434233631
60803,CanisMinor,,0.602,43.630017452,2.6910730665
61110,Gemini,,0.413,48.4966052376,1.4614433047
61421,CanisMinor,Procyon,0.432,3.4973594936,2.6812986213
61935,Monoceros,,1.022,44.2282176028,0.7115028117
62044,Gemini,,1.118,37.4812593703,1.3609291262
62345,Gemini,,0.932,43.9947206335,0.3529971786
62509,Gemini,Pollux,0.991,10.336985735,1.0880304153
62644,Puppis,,0.765,24.1370987207,3.1265746665
62781,Puppis,,0.32,43.4971726838,2.6076948563
63077,Puppis,,0.589,15.199878401,4.450799432
63295,Volans,,1.033,41.0509031199,0.8633864198
63336,Puppis,,0.478,30.2480338778,3.0765142462
64096,Puppis,,0.6,16.6722240747,4.0500323071
64185,Carina,,0.428,34.9406009783,3.0633481471
64235,Monoceros,,0.412,40.899795501,2.7013943173
64379,Puppis,,0.47,18.0245133381,3.730682262
64685,CanisMinor,,0.369,38.1533765738,2.9523351047
65301,Lynx,,0.421,43.5919790759,2.5829670678
65907,Carina,,0.573,16.1917098446,4.5435364366
67228,Cancer,,0.642,23.3317778815,3.4602608335
67523,Puppis,Tureis,0.458,19.234468167,1.4095990872
67767,Cancer,,0.825,41.9815281276,2.6147087857
68146,Puppis,,0.488,22.4870699348,3.7703356472
68255,Cancer,,0.531,25.5689082076,2.6314390798
68456,Carina,,0.437,21.3903743316,3.088908076
69548,Lynx,,0.421,31.6756414317,3.3863729095
69830,Puppis,,0.754,12.5817815803,5.4512892922
69897,Cancer,,0.487,18.1257930034,3.8385149198
70060,Puppis,,0.222,28.5225328009,2.1640595588
70958,Hydra,,0.478,27.2108843537,3.4362867171
71030,Cancer,,0.448,44.964028777,2.8456739146
71155,Hydra,,-0.012,38.3288616328,0.9923703955
71196,Puppis,,0.402,33.9443312967,3.3561637125
71243,Chamaeleon,,0.413,19.4552529183,2.604815595
71701,Chamaeleon,,1.161,47.1253534402,0.9737268978
71878,Volans,,1.132,33.1016219795,1.1707536264
72037,UrsaMajor,,0.207,48.4730974309,2.0424961399
72291,Lynx,,0.402,37.3134328358,3.3406739701
72905,UrsaMajor,,0.618,14.2714428429,4.8576605875
72945,Cancer,,0.53,26.5392781316,3.7905544706
73752,Pyxis,,0.72,19.9203187251,3.5535185857
74198,Cancer,Asellus Borealis,0.01,48.5908649174,1.2272268521
74442,Cancer,Asellus Australis,1.083,41.7188151856,0.8383401702
74874,Hydra,,0.685,41.4421881475,0.2927866095
74956,Vela,,0.043,24.4498777506,-0.01138346
75528,Cancer,,0.669,39.9680255795,3.3514365268
75732,Cancer,Copernicus,0.869,12.5313283208,5.4700144568
76294,Hydra,,0.978,46.2107208872,-0.2137137178
76543,Cancer,,0.149,49.0436488475,1.7670861289
76582,Cancer,,0.209,49.2610837438,2.2174801896
76644,UrsaMajor,Talitha,0.223,14.6370023419,2.2927392884
76653,Vela,,0.481,24.148756339,3.7855261525
76932,Hydra,,0.521,21.3219616205,4.1558642136
76943,Lynx,,0.463,16.431153467,2.8816597401
77370,Carina,,0.417,26.1780104712,3.0803168146
78045,Volans,,0.145,38.1097560976,1.0948191535
78154,UrsaMajor,,0.489,20.4624514017,3.2452116951
78209,UrsaMajor,,0.288,29.3083235639,2.1250451125
78362,UrsaMajor,,0.381,37.3273609556,1.809863568
78366,Lynx,,0.585,19.1387559809,4.5404314739
78418,Cancer,,0.654,31.2695434647,3.4743922971
79028,UrsaMajor,,0.605,19.5618153365,3.7229542258
79096,Cancer,,0.731,20.4792135982,4.9334336214
79439,UrsaMajor,DD UMa,0.199,36.2976406534,2.0006080159
79469,Hydra,,-0.06,39.4632991318,0.9090330527
79837,Octans,,0.306,48.2392667631,2.0129965105
80007,Carina,Miaplacidus,0.07,34.0831629175,-0.9926994525
80081,Lynx,,0.066,37.3831775701,0.9566189318
80218,Cancer,,0.487,39.2003136025,3.643552293
80290,UrsaMajor,,0.436,29.0023201856,3.8278362858
80671,Carina,,0.415,33.5232986926,2.7532662668
81809,Hydra,,0.642,31.2402374258,2.9064283707
81858,Leo,,0.605,34.4234079174,2.7157306836
81937,UrsaMajor,,0.36,23.1481481481,1.8274187341
81997,Hydra,,0.411,17.0998632011,3.4250368197
82189,UrsaMajor,,0.53,49.850448654,2.2816546434
82210,UrsaMajor,DK UMa,0.781,32.3729362253,1.9890895415
82328,UrsaMajor,,0.475,13.4861766689,2.5205557768
82434,Vela,,0.371,18.5563184264,2.257540918
82885,LeoMinor,SV LMi,0.77,11.1794298491,5.1579017245
83287,Lynx,,0.223,38.3877159309,2.3590386382
83446,Vela,,0.173,32.9489291598,1.7507934771
83808,Leo,Subra,0.516,41.4593698176,0.4318865173
84107,Leo,,0.111,48.828125,2.1966497615
84117,Hydra,,0.534,14.883167138,4.0665232054
84737,UrsaMajor,,0.619,18.4297825286,3.7523989471
84999,UrsaMajor,,0.291,35.2733686067,1.0427653161
85217,Sextans,,0.479,45.9136822773,2.9302893771
85376,Leo,,0.229,40.1606425703,2.2709967355
85503,Leo,Rasalas,1.222,40.7830342577,0.8276023292
86146,LeoMinor,,0.481,28.8933834152,2.8060079965
86629,Antlia,,0.3,32.605151614,2.6635688799
86728,LeoMinor,,0.676,14.8942508192,4.5049066846
87141,UrsaMajor,,0.507,47.2813238771,2.3365518586
87696,LeoMinor,,0.19,27.9485746227,2.2582016812
87901,Leo,Regulus,-0.087,23.758612497,-0.5191053713
88215,Hydra,,0.368,27.3149412729,3.1179986444
88284,Hydra,,1.007,35.1617440225,0.8796479603
88697,Sextans,,0.496,48.309178744,3.7898517273
88824,Vela,,0.257,49.850448654,1.7816546434
88955,Vela,,0.051,31.525851198,1.3566658932
88986,LeoMinor,,0.635,32,3.9342501084
89010,Leo,,0.655,30.3582270795,3.5386179742
89021,UrsaMajor,Tania Borealis,0.029,41.203131438,0.3753488817
89125,Leo,,0.5,22.7221086117,4.0277568428
89449,Leo,,0.452,21.1685012701,3.1515494447
89484,Leo,Algieba,1.128,38.5208012327,-0.9184765594
89569,Vela,,0.481,35.8294518094,3.0287991824
89571,Camelopardalis,,0.244,40.7830342577,2.4676023292
89744,UrsaMajor,,0.531,38.9863547758,2.7754368472
90089,Camelopardalis,,0.399,21.4868929953,3.5891318948
90132,Antlia,,0.251,40.4858299595,2.3034847663
90537,LeoMinor,,0.908,44.7627573859,0.9454158439
90589,Carina,,0.369,16.2153397114,2.9403697421
90839,UrsaMajor,,0.541,12.8501670522,4.2754561323
91312,UrsaMajor,,0.222,34.3288705802,2.0417024231
91324,Vela,,0.5,21.8722659668,3.1905311086
91480,UrsaMajor,,0.349,26.455026455,3.0474589992
91752,LeoMinor,,0.436,46.2962962963,2.9622687558
91889,Hydra,,0.528,24.5881485124,3.756370862
92139,Vela,,0.3,26.518164943,1.722282662
92168,LeoMinor,,0.595,48.9236790607,2.3924044573
92588,Sextans,,0.88,34.3878954608,3.5679720109
92769,LeoMinor,,0.16,45.4545454545,2.2221134041
92787,UrsaMajor,,0.324,35.6506238859,2.419664328
93497,Vela,,0.901,35.4861603974,-0.0602950561
93813,Hydra,,1.232,42.4808836024,-0.0309677075
94132,UrsaMajor,,1.01,43.4404865334,2.7205265965
94264,LeoMinor,,1.04,29.9401197605,1.4087323341
94388,Hydra,,0.48,31.3381385146,2.749634021
94510,Carina,,0.945,29.6647878968,1.4187937626
94672,Leo,,0.425,43.7636761488,2.704431022
95128,UrsaMajor,Chalawan,0.624,14.0765765766,4.2875147639
95221,Hydra,,0.374,48.6381322957,2.2651155516
95382,Leo,,0.166,46.2748727441,1.6532738344
95418,UrsaMajor,Merak,0.033,24.3486729973,0.4076235143
95608,Leo,,0.053,37.9218809253,1.525550649
95689,UrsaMajor,Dubhe,1.061,37.9075056861,-1.0836260439
95735,UrsaMajor,,1.502,2.5484199796,10.4586449935
96097,Leo,,0.332,28.95193978,2.3116116662
96202,Hydra,,0.369,43.5161009574,1.7267501218
96833,UrsaMajor,,1.144,45.02476362,-0.2672572073
97495,Centaurus,,0.175,49.9500499501,1.8773203657
97603,Leo,Zosma,0.128,17.6928520878,1.3210107659
98231,UrsaMajor,Alula Australis,0.59,10.4166666667,4.2413561652
98560,Carina,,0.471,37.4251497006,3.124182269
98991,Crater,,0.439,43.8596491228,1.869674235
99028,Leo,,0.423,24.2365487155,2.0776461182
99211,Crater,,0.216,25.706940874,2.0097480066
99285,Leo,,0.39,47.2813238771,2.2065518586
99453,Centaurus,,0.495,27.4273176083,2.9890833216
99453,Centaurus,,0.495,27.4273176083,2.9890833216
99453,Vela,,0.495,27.4273176083,2.9890833216
99453,Vela,,0.495,27.4273176083,2.9890833216
99491,Leo,,0.778,17.6709666019,5.2536984697
99747,UrsaMajor,,0.382,32.8947368421,3.244367918
100180,Leo,,0.57,23.0308613542,4.4584490956
100203,UrsaMajor,,0.515,27.5178866263,3.2619246149
100286,Hydra,,0.54,26.7094017094,2.7966792003
100407,Hydra,,0.947,39.6353547364,0.5495862526
100563,Leo,,0.48,26.5604249668,3.6388249027
100623,Hydra,,0.811,9.5383441435,6.0626350614
101107,UrsaMajor,,0.348,45.6412596988,2.2632118878
101132,Chamaeleon,,0.362,42.1052631579,2.5183180698
101198,Crater,,0.52,26.9832703724,3.3245270749
101501,UrsaMajor,,0.723,9.541074325,5.4120136049
101606,UrsaMajor,,0.44,40.95004095,2.668728298
102124,Virgo,,0.174,36.6434591425,2.0200176783
102249,Musca,,0.16,39.3391030685,0.6558777311
102365,Centaurus,,0.664,9.2395823709,5.0617382922
102647,Leo,Denebola,0.09,11.091393079,1.9150695152
102870,Virgo,Zavijava,0.518,10.9003706126,3.402793679
103026,Hydra,,0.554,31.4366551399,3.3628183455
103095,UrsaMajor,CF UMa,0.754,9.1566706346,6.6113120355
103287,UrsaMajor,Phecda,0.044,25.6476019492,0.3647661759
104304,Virgo,,0.76,12.9065565307,4.9859480602
104513,UrsaMajor,DP UMa,0.283,33.921302578,2.5676373959
104731,Centaurus,,0.417,24.2013552759,3.2308015642
104747,Centaurus,,0.5,46.6635557629,3.1651108552
105211,Crux,,0.353,19.6889151408,2.6688910641
105452,Corvus,Alchiba,0.334,14.7688672279,3.173264069
105702,Virgo,,0.352,43.840420868,2.5106264264
106112,Camelopardalis,,0.358,33.67003367,2.5037822466
106251,Virgo,,0.262,49.5540138751,2.3746058095
106591,UrsaMajor,Megrez,0.077,24.9687890137,1.3330126021
107213,ComaBerenices,,0.523,49.7017892644,2.8981398819
107325,ComaBerenices,,1.091,48.1231953802,2.1082277161
107705,Virgo,,0.567,29.8240381748,4.0871677671
108767,Corvus,Algorab,-0.012,26.9469145783,0.7874547717
108845,CanesVenatici,,0.536,45.1467268623,2.9368686528
108903,Crux,Gacrux,1.6,26.9614451335,-0.5637158334
109085,Corvus,,0.388,18.2083029862,2.9986526428
109141,Corvus,,0.376,36.9549150037,2.9016389613
109272,Corvus,,0.861,48.5908649174,2.1472268521
109358,CanesVenatici,Chara,0.588,8.3710028461,4.6261125521
109379,Corvus,,0.893,42.8449014567,-0.5094957415
109409,Centaurus,,0.683,28.3687943262,3.4957956066
109536,Centaurus,,0.224,34.5781466113,2.4259914431
109787,Centaurus,,0.049,40.3714170367,0.8196300329
109799,Hydra,,0.334,34.5901072293,2.7152404584
110304,Centaurus,,-0.023,39.9840063974,-0.8094315413
110379,Virgo,Porrima,0.368,11.8301194842,2.3750543449
110411,Virgo,,0.076,36.9003690037,2.0448464544
110829,Crux,,1.049,38.211692778,1.7790186132
110897,CanesVenatici,,0.557,17.3701580684,4.7509811473
111028,Virgo,,0.989,44.7227191413,2.3973589961
111456,UrsaMajor,,0.467,24.1604252235,3.914477132
111968,Centaurus,,0.224,47.5511174513,0.8641963634
111998,Virgo,,0.493,32.5203252033,3.5492256006
112164,Centaurus,,0.633,39.7298371077,2.8944160777
112185,UrsaMajor,Alioth,-0.022,24.8138957816,-0.2134747693
112412,CanesVenatici,,0.337,25.0312891114,3.6175839183
112413,CanesVenatici,Cor Caroli,-0.115,33.7837837838,0.2464585553
112429,Draco,,0.303,28.8433804442,2.9297692083
112985,Musca,,1.19,27.8473962684,1.3860770256
113139,UrsaMajor,,0.368,24.9625561658,2.9435547248
113226,Virgo,Vindemiatrix,0.934,31.3479623824,0.3689534153
113848,ComaBerenices,,0.393,49.9251123315,2.5084047465
114371,Musca,,0.415,44.1111601235,2.6972576006
114378,ComaBerenices,,0.455,14.3245953302,3.53958819
114613,Centaurus,,0.693,20.4792135982,3.2934336214
114642,Virgo,,0.46,32.5520833333,2.4771060568
114642,Virgo,,0.46,32.5520833333,2.4771060568
114642,Puppis,,0.46,32.5520833333,2.4771060568
114642,Puppis,,0.46,32.5520833333,2.4771060568
114710,ComaBerenices,,0.572,9.1549940493,4.4217096683
114837,Centaurus,,0.489,18.0212650928,3.6210736241
114946,Virgo,,0.862,38.6249517188,2.3756602522
115202,Virgo,,1.011,38.9408099688,2.257975097
115383,Virgo,,0.585,17.9500987255,3.9196657923
115617,Virgo,,0.709,8.5251491901,5.0864900606
115659,Hydra,,0.92,40.5022276225,-0.0473945503
115892,Centaurus,,0.068,17.9726815241,1.4769356066
116457,Centaurus,,0.411,39.2927308448,2.3484389334
116568,Virgo,,0.415,30.0932891965,3.3676517064
116656,UrsaMajor,Mizar,0.057,23.9635753654,0.3322419236
116657,UrsaMajor,,0.13,24.154589372,2.0350017056
116842,UrsaMajor,Alcor,0.169,24.8818113959,2.010590031
117176,Virgo,,0.714,18.1093806592,3.6804820115
117360,Chamaeleon,S Cha,0.455,35.1493848858,3.7904113537
118098,Virgo,,0.114,22.4466891134,1.6242385419
118216,CanesVenatici,BH CVn,0.404,44.5235975067,1.6670487596
118261,Centaurus,,0.493,35.4861603974,2.8797049439
118646,Hydra,,0.431,48.971596474,2.3602786888
119756,Centaurus,,0.39,19.2641109613,2.8062551444
120136,Bootes,,0.508,15.5957579538,3.5349675684
120315,UrsaMajor,Alkaid,-0.099,30.8737264588,-0.5979452599
121370,Bootes,Muphrid,0.58,11.3417262107,2.406604204
123123,Hydra,,1.091,31.0848616724,0.7872553045
123139,Centaurus,Menkent,1.011,18.6846038864,0.7025805238
123998,Apus,,0.243,42.8082191781,1.7323641922
123999,Bootes,,0.541,36.6703337,1.9984256897
124570,Bootes,,0.537,33.2667997339,2.9199448813
124675,Bootes,,0.233,47.5511174513,1.1441963634
124850,Virgo,Syrma,0.511,21.3949507916,2.4184435403
124897,Bootes,Arcturus,1.239,11.2549240293,-0.3067128393
125158,Centaurus,,0.281,48.3325277912,1.7988024533
125161,Bootes,,0.236,29.8151460942,2.3778152914
125162,Bootes,,0.087,29.7796307326,1.810403459
125276,Hydra,,0.518,17.7841010137,4.6198404175
125442,Lupus,,0.31,45.5580865604,1.4871726229
125451,Bootes,,0.385,26.08922515,3.3276940963
126248,Virgo,,0.124,46.3821892393,1.7682437826
126660,Bootes,,0.497,14.570887367,3.2225699945
126868,Virgo,,0.693,41.4078674948,1.7245856754
127665,Bootes,,1.298,45.6204379562,0.2742027491
127762,Bootes,Seginus,0.191,26.1164794986,0.9554268317
128167,Bootes,,0.364,15.4655119084,3.5231785014
128167,Bootes,,0.364,15.4655119084,3.5231785014
128167,Lupus,,0.364,15.4655119084,3.5231785014
128167,Lupus,,0.364,15.4655119084,3.5231785014
128620,Centaurus,Rigil Kentaurus,0.71,1.3474909718,4.3423706795
128621,Centaurus,,0.9,1.3474909718,5.7023706795
128898,Circinus,,0.256,16.4015089388,2.1055809751
129422,Circinus,,0.308,45.9770114943,2.0472963065
129502,Virgo,,0.385,18.6776242062,2.5133918343
129798,Draco,DL Dra,0.409,42.60758415,3.092565448
129926,Unknown,,0.315,30.432136336,2.7333377955
130109,Virgo,,-0.005,39.4477317554,0.7498898183
130819,Libra,,0.401,23.6630383341,3.2796474636
130841,Libra,Zubenelgenubi,0.147,23.6686390533,0.8791335664
130945,Bootes,Merga,0.482,46.8603561387,2.4059720754
130948,Bootes,,0.576,17.9436569173,4.5904452153
131156,Bootes,,0.72,6.6997186118,5.4097171864
131873,UrsaMinor,Kochab,1.465,38.7747188833,-0.8727432893
131977,Libra,,1.024,5.9059768486,6.863541299
132052,Libra,,0.318,27.9095729835,2.2412340408
132254,Bootes,,0.533,24.8447204969,3.6538294235
133002,UrsaMinor,,0.671,43.3275563258,2.4461790224
133621,UrsaMinor,,0.631,33.7040781935,4.0015877316
133640,Bootes,i Boo,0.647,12.7567291746,4.3013033222
134083,Bootes,,0.429,19.7238658777,3.4550397967
134505,Lupus,,0.918,35.6379187455,0.6504383335
134987,Libra,,0.691,25.6541816316,4.4242091739
135379,Circinus,,0.088,29.6296296296,1.7113688858
135559,SerpensCaput,,0.181,49.504950495,2.1467568472
135722,Bootes,,0.961,35.7909806729,0.6911320089
135742,Libra,Zubeneschamali,-0.071,49.0677134446,-0.8439791016
136064,UrsaMinor,,0.55,25.3100480891,3.1335351484
136202,SerpensCaput,MQ Ser,0.54,24.7157686604,3.0751293922
136351,Lupus,,0.515,34.1646737274,2.3221136122
136352,Lupus,,0.639,14.5560407569,4.8347836853
136359,Circinus,,0.489,41.6666666667,2.5510562086
137052,Libra,,0.453,32.3624595469,2.3697923971
137107,CoronaBorealis,,0.577,18.6219739292,3.6398714285
137391,Bootes,Alkalurops,0.309,37.0919881306,1.4635994393
137392,Bootes,,0.6,37.2856077554,3.6522938676
137759,Draco,Edasich,1.166,31.328320802,0.8103144134
137898,SerpensCaput,,0.245,37.4812593703,2.2809291262
137909,CoronaBorealis,Nusakan,0.319,34.965034965,0.9418301656
138716,Libra,,1,28.95193978,2.3016116662
138905,Libra,,1.007,46.685340803,0.5640973325
139006,CoronaBorealis,Alphecca,0.032,22.9095074456,0.4199212402
139211,Norma,,0.505,30.9214594929,3.4987000779
139225,SerpensCaput,,0.354,49.0196078431,2.4781508371
139641,Bootes,,0.886,50,1.7551499783
139664,Lupus,,0.413,17.5162024873,3.422800215
139777,UrsaMinor,,0.665,22.0653133274,4.851449506
139798,Bootes,,0.353,35.739814153,2.9942385508
139813,UrsaMinor,,0.803,21.7155266015,5.6161481727
140417,Libra,,0.238,45.02476362,2.1427427927
140436,CoronaBorealis,,0.02,44.4839857651,0.5689815345
140538,SerpensCaput,,0.684,14.6713615023,5.0276479088
140573,SerpensCaput,Unukalhai,1.167,22.4517287831,0.8737510635
141003,SerpensCaput,,0.073,46.9263256687,0.2929172486
141004,SerpensCaput,,0.604,11.7536436295,4.0691374062
141378,Libra,,0.12,49.1642084562,2.0717547429
141513,SerpensCaput,,-0.036,47.7554918816,0.1448833867
141795,SerpensCaput,,0.147,21.5563699073,2.0421218626
141851,SerpensCaput,,0.135,48.8519785051,1.6455892133
141891,TriangulumAustrale,,0.315,12.3092072871,2.3788495737
142091,CoronaBorealis,,0.996,31.1235605353,2.3245536278
142198,Libra,,1.003,49.9500499501,0.6373203657
142267,SerpensCaput,,0.598,17.4611489436,4.8596359156
142373,Hercules,,0.563,15.8528852251,3.5994584233
142860,SerpensCaput,,0.478,11.1209964413,3.6192814911
142908,CoronaBorealis,,0.352,41.4593698176,2.3418865173
143333,Libra,,0.517,32.79763857,2.8907871218
143466,Draco,CL Dra,0.269,33.8180588434,2.3142566226
143474,Norma,,0.252,42.9922613929,1.463048552
143761,CoronaBorealis,,0.612,17.4276751481,4.1838027195
143928,Lupus,,0.409,39.8406374502,2.9083686074
144070,Scorpius,,0.45,24.3309002433,2.9092091094
144197,Norma,,0.23,37.8644452859,1.838842006
144284,Draco,,0.528,20.9248796819,2.4066851526
145148,SerpensCaput,,0.988,30.4506699147,3.5120157422
145328,CoronaBorealis,,1.015,34.6740638003,2.0299762802
145328,CoronaBorealis,,1.015,34.6740638003,2.0299762802
145328,UrsaMajor,,1.015,34.6740638003,2.0299762802
145328,UrsaMajor,,1.015,34.6740638003,2.0299762802
145675,Hercules,,0.877,18.1455271276,5.3161520551
145958,Hercules,,0.764,24.3605359318,4.7465658073
146233,Scorpius,,0.652,14.0252454418,4.7554476493
146361,CoronaBorealis,TZ CrB,0.599,21.6872695728,3.5489756111
146624,Scorpius,,0.008,43.0477830392,1.630246049
146686,Norma,,1.08,39.0930414386,1.0495027007
146791,Ophiuchus,Yed Posterior,0.966,32.9597890574,0.6400778823
146836,Scorpius,,0.466,41.4937759336,2.4400852129
147365,Hercules,,0.41,26.8168409761,3.3379619168
147449,SerpensCaput,,0.338,27.352297593,2.6350309353
147513,Scorpius,,0.625,12.8716694555,4.8218256072
147584,TriangulumAustrale,,0.555,12.1050720252,4.4851631108
147675,Apus,,0.923,48.9236790607,0.4124044573
147787,TriangulumAustrale,,0.383,40.404040404,2.2478760163
148048,UrsaMinor,,0.393,29.8329355609,2.5765200498
148367,Ophiuchus,,0.185,37.4953130859,1.7501150784
148387,Draco,,0.91,26.8961807423,0.5815469272
148856,Hercules,Kornephoros,0.947,45.3103760761,-0.5009883342
149324,Apus,,1.06,48.3325277912,0.8088024533
149661,Ophiuchus,V2133 Oph,0.827,9.7780385255,5.8187412797
149681,UrsaMinor,,0.249,42.3549343499,2.4154799354
150453,Ophiuchus,,0.436,42.5531914894,2.4053393114
150680,Hercules,,0.65,10.795638562,2.6437583203
150682,Hercules,,0.402,42.8265524625,2.7614344245
150997,Hercules,,0.916,34.3524562006,0.8002110272
151090,Hercules,,0.89,47.4833808167,3.1672918342
151613,Draco,,0.375,26.7308206362,2.704938541
151680,Scorpius,,1.144,20.0601805416,0.7783258132
151769,Ophiuchus,,0.478,36.9822485207,1.8000334363
152311,Ophiuchus,,0.685,27.9876854184,3.625165081
152334,Scorpius,,1.393,46.1467466544,0.2992945566
152598,Hercules,,0.319,30.03003003,2.9522211675
153210,Ophiuchus,,1.16,26.3227165043,1.0883464678
153363,Ophiuchus,,0.407,33.2778702163,3.1292223817
153580,Ara,,0.498,26.3365815117,3.1672029857
153597,Draco,,0.481,15.0875075438,3.9869124987
153808,Hercules,,-0.018,49.9001996008,0.429488586
154417,Ophiuchus,V2213 Oph,0.578,20.3832042397,4.4536377194
154494,Hercules,,0.125,44.0917107584,1.6682152511
154905,Draco,,0.471,26.9687162891,2.7556986274
154906,Draco,,0.47,23.2558139535,3.7973422779
155078,Ophiuchus,,0.465,40.338846309,2.4013826338
155125,Ophiuchus,Sabik,0.059,25.793139025,0.372479005
155125,Ophiuchus,,0.059,25.793139025,0.372479005
155125,Bootes,Sabik,0.059,25.793139025,0.372479005
155125,Bootes,,0.059,25.793139025,0.372479005
155203,Scorpius,,0.441,21.9490781387,1.612918577
155826,Scorpius,,0.58,30.6748466258,3.5160880003
155885,Ophiuchus,,0.855,5.9851568111,5.444622333
155886,Ophiuchus,,0.85,5.9851568111,6.184622333
156164,Hercules,Sarin,0.08,24.0673886883,1.2128551406
156274,Ara,,0.764,8.7865741148,5.7509021167
156295,Draco,,0.216,41.6493127863,2.4419608003
156384,Scorpius,,1.082,6.9710700593,6.6935027629
156384,Scorpius,,1.082,6.9710700593,6.6935027629
156384,Cetus,,1.082,6.9710700593,6.6935027629
156384,Cetus,,1.082,6.9710700593,6.6935027629
156897,Ophiuchus,,0.394,17.3973556019,3.1875837973
157214,Hercules,,0.619,14.3926309729,4.5892990489
157728,Hercules,,0.229,42.7899015832,2.543293562
157792,Ophiuchus,,0.283,25.6673511294,2.113094741
157919,Ophiuchus,,0.402,34.1763499658,1.6113716089
157950,Ophiuchus,,0.385,30.0480769231,2.1409165881
158614,Ophiuchus,,0.715,16.4473684211,4.2295178964
159170,Ophiuchus,,0.187,48.4027105518,2.1856515859
159332,Hercules,,0.505,36.6837857667,2.8276292575
159433,Scorpius,,1.075,44.1696113074,1.0343821126
159492,Ara,,0.195,42.1762969211,2.1246577699
159541,Draco,,0.251,30.3398058252,2.4799360151
159560,Draco,,0.279,30.637254902,2.4287507504
159561,Ophiuchus,Rasalhague,0.155,14.3184421535,1.3005211535
159876,SerpensCauda,,0.262,32.3310701584,0.9918996
160032,Ara,,0.415,21.8722659668,3.0605311086
160269,Draco,,0.602,14.0884756269,4.4856799751
160691,Ara,Cervantes,0.694,15.2765047357,4.1998800049
160910,Hercules,,0.387,35.5239786856,2.7873919959
160915,Ophiuchus,,0.469,17.5438596491,3.6393742784
160922,Draco,,0.43,23.4631628344,2.9180672269
161096,Ophiuchus,Cebalrai,1.168,25.1382604324,0.7583238939
161239,Hercules,,0.683,38.2701875239,2.8156970486
161797,Hercules,,0.75,8.3998320034,3.7986469987
161868,Ophiuchus,,0.043,29.0528762347,1.43405433
161892,Scorpius,,1.192,38.8953714508,0.2405103832
162003,Draco,,0.434,22.0361392684,2.8543224577
162004,Draco,,0.53,22.3214285714,4.06639007
162917,Ophiuchus,,0.425,31.3774709758,3.2869103174
163588,Draco,Grumium,1.177,34.1763499658,1.0613716089
163917,Ophiuchus,,0.987,46.8384074941,-0.0330106032
163989,Draco,,0.518,32.1233536781,2.4858956034
163993,Hercules,,0.935,41.4593698176,0.6118865173
164058,Draco,Eltanin,1.521,45.2488687783,-1.0380386316
164259,SerpensCauda,,0.39,23.1964741359,2.7928901143
165040,Pavo,,0.228,42.4628450106,1.1899545573
165135,Sagittarius,Alnasl,0.981,29.4637595757,0.6335591899
165185,Sagittarius,,0.615,17.3671413685,4.7413583027
165189,CoronaAustralis,,0.255,43.8788942519,1.7087216259
165259,Apus,,0.464,40.8496732026,2.8040570674
165341,Ophiuchus,,0.86,5.0859525989,5.4981384588
165438,SerpensCauda,,0.968,34.9528137015,3.022589289
165499,Pavo,,0.592,17.7556818182,4.2233132307
165777,Ophiuchus,,0.159,25.3807106599,1.6874811091
165908,Hercules,,0.528,15.6543519098,4.0768245373
166285,Ophiuchus,,0.49,46.9483568075,2.3118980172
166926,UrsaMinor,,0.239,47.8927203065,2.3786524717
167042,Draco,,0.943,50,2.4751499783
167618,Sagittarius,,1.582,45.7247370828,-0.2007560848
168151,Draco,,0.44,23.4962406015,3.1350080964
168387,Ophiuchus,,1.084,44.964028777,2.1456739146
168723,SerpensCauda,,0.941,18.9358076122,1.8435808374
169022,Sagittarius,Kaus Australis,-0.031,44.3458980044,-1.4442672689
169414,Hercules,,1.168,39.3700787402,0.8741685831
169767,Telescopium,,0.995,39.0625,1.1411998266
169830,Sagittarius,,0.517,36.3240101707,3.099031057
169916,Sagittarius,Kaus Borealis,1.025,23.6966824645,0.9465622548
170153,Draco,,0.489,8.0573684635,4.0190338781
171802,Ophiuchus,,0.387,38.8349514563,2.4338861669
171834,Ophiuchus,,0.386,31.7158261973,2.9236198537
172051,Sagittarius,,0.673,12.9836406128,5.2830175714
172167,Lyra,Vega,-0.001,7.7561467463,0.5817699133
172555,Pavo,,0.199,29.2312189418,2.4507653709
173582,Lyra,,0.17,49.7512437811,1.1859802871
173607,Lyra,,0.18,49.1642084562,1.1317547429
173648,Lyra,,0.192,47.1031559114,0.9747499708
173649,Lyra,,0.285,46.0405156538,2.4142991046
173667,Hercules,,0.483,19.0949016613,2.7854128695
173880,Hercules,,0.148,28.4333238556,2.0708618416
175225,Draco,,0.843,26.0960334029,3.427127502
175317,Sagittarius,,0.445,32.0102432778,3.033555126
175638,SerpensCauda,Alya,0.161,40.4367165386,1.5861205818
175639,SerpensCauda,,0.204,43.7828371278,1.7734804979
175813,CoronaAustralis,,0.396,29.9132515704,2.450681883
176051,Lyra,,0.594,14.9790293589,4.32258164
176303,Aquila,,0.573,47.6417341591,1.8800621929
176411,Aquila,,1.082,47.1253534402,0.6537268978
176678,Aquila,,1.079,45.5580865604,0.7271726229
176687,Sagittarius,Ascella,0.062,27.3149412729,0.4179986444
177196,Lyra,,0.186,39.1542678152,2.0361044646
177241,Sagittarius,,1.012,42.5713069391,0.6144150839
177389,Pavo,,0.901,36.8595650571,2.4772489688
177474,CoronaAustralis,,0.523,17.8922884237,2.9666705481
177716,Sagittarius,,1.169,36.9139904024,0.4840450252
177724,Aquila,,0.014,25.5232261358,0.9553221583
177756,Aquila,,-0.096,38.3877159309,0.5090386382
178233,Lyra,,0.296,40.8163265306,2.4758304218
178253,CoronaAustralis,,0.042,39.7614314115,1.112689947
178449,Lyra,,0.367,40.5844155844,2.1582035175
178596,Aquila,,0.346,43.5540069686,2.0348594186
179957,Cygnus,,0.666,24.9003984064,3.8689685207
180610,Draco,,1.156,49.6524329692,1.5202973311
180610,Draco,,1.156,49.6524329692,1.5202973311
180610,Cassiopeia,,1.156,49.6524329692,1.5202973311
180610,Cassiopeia,,1.156,49.6524329692,1.5202973311
180711,Draco,Altais,0.99,30.7314074985,0.632087743
180777,Draco,,0.308,27.2925764192,2.929777325
181276,Cygnus,,0.95,37.7643504532,0.9145899038
181296,Telescopium,,0.02,47.664442326,1.6390274193
181391,Aquila,,0.937,47.2366556448,1.6086042901
181577,Sagittarius,,0.228,37.3273609556,1.059863568
181577,Sagittarius,,0.228,37.3273609556,1.059863568
181577,Draco,,0.228,37.3273609556,1.059863568
181577,Draco,,0.228,37.3273609556,1.059863568
181623,Sagittarius,Arkab Posterior,0.35,42.5170068027,1.127186587
181984,Draco,,1.257,46.0193281178,1.1352986316
182572,Aquila,,0.761,15.1492198152,4.2680486638
182640,Aquila,,0.319,15.3727901614,2.4262365045
183028,Telescopium,,0.45,36.6972477064,3.4668325331
184006,Cygnus,,0.148,37.5516334961,0.8868558322
184406,Aquila,,1.176,33.8983050847,1.7991100799
184960,Cygnus,,0.475,25.5885363357,3.6697727752
184985,Sagittarius,,0.501,30.9023485785,3.0100425647
185124,Aquila,,0.429,32.1130378934,2.9165930412
185144,Draco,,0.786,5.7666801223,5.8653706912
185351,Cygnus,,0.928,40.5844155844,2.1282035175
185395,Cygnus,,0.395,18.5942729639,3.1431039894
185912,Cygnus,V1143 Cyg,0.482,39.8089171975,2.8900981753
186155,Cygnus,,0.426,48.7567040468,1.6198283018
186185,Sagittarius,,0.46,36.6837857667,2.6676292575
186219,Pavo,,0.234,41.5282392027,2.2982824129
186408,Cygnus,,0.643,21.6216216216,4.3155586854
186427,Cygnus,,0.661,21.4132762313,4.5965844028
187013,Cygnus,,0.476,20.8594075928,3.4034901485
187532,Aquila,,0.402,26.413100898,3.2709030481
187642,Aquila,Altair,0.221,5.1429746966,2.203928062
187691,Aquila,,0.563,19.3911188676,3.681985657
188119,Draco,,0.888,44.6428571429,0.5912400917
188228,Pavo,,-0.032,32.5414904003,1.4078128013
188376,Sagittarius,,0.748,23.7925291458,2.81779695
188512,Aquila,Alshain,0.855,13.7080191912,3.0251264811
188947,Cygnus,,1.019,42.735042735,0.7360792871
189118,Sagittarius,,0.17,48.0538202787,1.8913604011
189245,Sagittarius,,0.498,20.8768267223,4.0516775671
189340,Aquila,,0.598,24.5398773006,3.9206380654
189410,Vulpecula,,0.345,48.4027105518,2.2556515859
190248,Pavo,,0.751,6.1076161974,4.6206413091
190360,Cygnus,,0.749,15.8931977114,4.7239435698
190406,Sagitta,,0.6,17.667844523,4.5640821559
190608,Sagitta,,1.058,49.5785820526,1.6135294911
191026,Cygnus,,0.85,24.1896468312,3.4618523615
191067,Aquila,,1.023,47.8697941599,2.5696921999
191195,Cygnus,,0.445,36.4564345607,3.001129038
191408,Sagittarius,,0.868,6.0518034374,6.4105759315
191570,Sagitta,,0.394,45.00450045,3.243720273
191862,Capricornus,,0.476,28.0504908836,3.6002976709
192310,Capricornus,,0.878,8.823788935,6.0017244438
192425,Delphinus,,0.072,47.0809792844,1.575772562
192455,Draco,,0.53,48.6854917235,2.2630021963
192640,Cygnus,V1644 Cyg,0.151,41.0340582684,1.8642776459
192696,Cygnus,,0.114,46.7071461934,0.9330833365
192947,Capricornus,Algedi,0.883,33.3222259247,0.9663299771
192985,Cygnus,,0.447,34.51846738,3.179742476
193664,Draco,,0.602,17.5685172171,4.6863244571
194943,Capricornus,,0.386,30.2663438257,2.3652001932
195068,Cygnus,,0.339,37.6506024096,2.8511403535
195093,Capricornus,,0.22,41.8585182085,3.6310807487
195564,Capricornus,,0.689,24.2365487155,3.7376461182
195627,Pavo,,0.291,27.5709953129,2.5477377779
195725,Cepheus,,0.199,41.5973377704,1.1146723167
196067,Octans,,0.62,43.5729847495,3.3139134494
196171,Indus,,0.998,31.0462589258,0.6499536241
196378,Pavo,,0.544,24.1954996371,3.1913270264
196524,Delphinus,Rotanev,0.425,29.8596595999,1.2645757377
196755,Delphinus,,0.702,30.0571085062,2.6802640043
197051,Pavo,,0.163,42.1762969211,0.2946577699
197157,Indus,,0.278,24.1662638956,2.5939524316
197692,Capricornus,,0.426,14.6713615023,3.2976479088
197937,Microscopium,,0.361,41.067761807,2.0424948278
197950,Cepheus,,0.218,42.5713069391,2.4444150839
197963,Delphinus,,0.495,31.5556958031,2.654611196
197964,Delphinus,,1.042,31.113876789,1.8052293621
197989,Cygnus,,1.021,22.0945647371,0.7585727481
198084,Cepheus,,0.535,27.1223216707,2.353365688
198149,Cepheus,,0.912,14.3410296859,2.627098326
198390,Delphinus,,0.42,29.5770482106,3.6552258538
198639,Cygnus,,0.198,42.2475707647,1.9309912896
198743,Aquarius,,0.325,47.5963826749,1.342130262
199260,Capricornus,,0.507,21.0039907582,4.0884909074
199532,Octans,,0.49,45.3103760761,1.8490116658
199623,Indus,,0.48,28.5143997719,3.4846788294
199960,Aquarius,,0.635,26.455026455,4.0974589992
200163,Microscopium,,0.424,35.3107344633,2.5804662451
200499,Capricornus,,0.169,48.4496124031,1.3935484648
200525,Pavo,,0.59,18.7336080929,4.3068928473
200761,Capricornus,,-0.01,48.5201358564,0.6503899589
200790,Equuleus,,0.538,36.9549150037,3.1016389613
201091,Cygnus,V1803 Cyg,1.069,3.4827430084,7.4903928547
201092,Cygnus,,1.309,3.503608717,8.327422009
201601,Equuleus,,0.262,35.2360817477,1.9650619556
201636,Cepheus,,0.386,49.115913556,2.4238888683
201647,Microscopium,,0.45,32.3624595469,3.2797923971
201772,Microscopium,,0.46,33.3778371162,2.6327090451
202109,Cygnus,,0.99,46.2534690102,-0.1157215519
202275,Equuleus,,0.529,18.4808722972,3.1363876697
202444,Cygnus,,0.393,20.9205020921,2.1371394831
202730,Indus,,0.191,29.7796307326,2.020403459
203280,Cepheus,Alderamin,0.257,14.961101137,1.5751822061
203495,Ophiuchus,,1.5,47.5963826749,8.982130262
203495,Ophiuchus,,1.5,47.5963826749,8.982130262
203495,Lyra,,1.5,47.5963826749,8.982130262
203495,Lyra,,1.5,47.5963826749,8.982130262
203504,Pegasus,,1.108,47.1920717319,0.7106547836
203608,Pavo,,0.494,9.2165898618,4.3871486909
203705,Aquarius,,0.297,48.0769230769,2.0703166748
204153,Cygnus,,0.335,34.3170899108,2.9124477372
204188,Pegasus,IK Peg,0.235,46.0405156538,2.7642991046
204485,Cygnus,,0.333,44.6229361892,2.5022092827
205289,Capricornus,,0.423,27.1296798698,3.5327766544
205435,Cygnus,,0.885,38.1679389313,1.0715064566
205478,Octans,,1.008,21.1774671749,2.1006299137
206043,Pegasus,,0.314,39.1083300743,2.8086536401
206058,Aquarius,,0.514,43.233895374,3.4808781639
206088,Capricornus,Nashira,0.32,42.5894378194,0.5434904629
206301,Capricornus,,0.672,32.5414904003,2.5978128013
206826,Cygnus,,0.512,22.4014336918,2.7386209296
206860,Pegasus,HN Peg,0.587,18.3924958617,4.636796665
206901,Pegasus,,0.425,35.2858151023,1.4019992296
207098,Capricornus,,0.18,11.8231260345,2.4863384041
207129,Grus,,0.601,15.6372165754,4.5992027441
207652,Pegasus,,0.394,33.433634236,2.7190820652
207652,Pegasus,,0.394,33.433634236,2.7190820652
207652,Monoceros,,0.394,33.433634236,2.7190820652
207652,Monoceros,,0.394,33.433634236,2.7190820652
207958,Capricornus,,0.378,27.6625172891,2.8705415082
207964,Indus,,0.393,46.533271289,2.5811820775
207978,Pegasus,,0.426,27.6625172891,3.3105415082
209100,Indus,,1.056,3.6263417464,6.892656352
209369,Cepheus,,0.439,37.4953130859,2.1701150784
209790,Cepheus,Kurhah,0.379,31.1817898347,1.7904947996
209952,Grus,Alnair,-0.07,31.0945273632,-0.7334197996
210027,Pegasus,,0.435,11.7564072419,3.4186268919
210049,PiscisAustrinus,,0.054,39.9840063974,1.4905684587
210302,PiscisAustrinus,,0.489,18.7406296852,3.5760791045
210334,Lacerta,AR Lac,0.763,42.034468264,2.9919722102
210418,Pegasus,Biham,0.086,29.6120817293,1.1626553032
210705,Aquarius,,0.386,43.4782608696,2.8486391801
210853,Octans,,0.312,38.4615384615,2.5648667399
210855,Cepheus,,0.534,36.9959304477,2.3992302285
210884,Cepheus,,0.391,32.6690623979,2.949316648
211336,Cepheus,,0.278,25.7334019557,2.1275139813
211415,Grus,,0.614,13.6109976861,4.6905501992
211998,Indus,,0.66,28.901734104,2.975380494
212061,Aquarius,Sadachbia,-0.057,48.3792936623,0.4367023831
212132,Grus,,0.372,40.6173842405,2.576440243
212330,Tucana,,0.665,20.487604999,3.7525440383
212395,Pegasus,,0.518,33.8983050847,3.5491100799
212697,Aquarius,,0.618,20.0803212851,4.0361467138
212698,Aquarius,,0.62,20.0803212851,4.6961467138
212728,Indus,,0.208,43.5540069686,2.3648594186
212754,Pegasus,,0.519,39.4632991318,2.7790330527
212943,Pegasus,,1.039,49.0436488475,1.3270861289
213051,Aquarius,,0.406,31.7158261973,1.1436198537
213135,PiscisAustrinus,,0.362,42.0875420875,2.8292321815
213398,PiscisAustrinus,,0.011,45.4752160073,1.0011261468
213558,Lacerta,,0.031,31.3873195229,1.2762288573
213845,Aquarius,,0.446,22.7427791676,3.4257823281
214846,Octans,,0.208,43.0477830392,0.960246049
214850,Pegasus,,0.723,32.79763857,3.1407871218
215648,Pegasus,,0.502,16.2495937602,3.1457874596
215789,Grus,,0.083,39.7456279809,0.4935531839
216131,Pegasus,Sadalbari,0.933,35.7781753131,0.7419090611
216228,Cepheus,,1.053,35.3731871242,0.7566290424
216385,Pegasus,,0.487,26.8456375839,3.0156313854
216435,Grus,,0.621,33.2889480692,3.4184996417
216437,Indus,,0.66,26.518164943,3.922282662
216627,Aquarius,Skat,0.066,48.9236790607,-0.1775955427
216640,Aquarius,,1.111,42.9737859905,2.3639819164
216655,Grus,,0.56,46.3392029657,3.7102572017
216656,Grus,,0.458,46.5766185375,3.3291602222
216756,Lacerta,,0.397,41.2541254125,2.8326630775
216803,PiscisAustrinus,TW PsA,1.094,7.6370856881,7.0653616829
216956,PiscisAustrinus,Fomalhaut,0.145,7.6875768758,1.7410526412
217014,Pegasus,Helvetios,0.666,15.3609831029,4.5179049428
217364,Grus,,0.96,34.4946533287,1.4212410768
217792,PiscisAustrinus,,0.305,28.5877644368,2.8390990257
218045,Pegasus,Markab,-0.002,42.8082191781,-0.6676358078
218227,Grus,,0.423,40.7996736026,1.2267165563
218396,Pegasus,,0.259,39.9361022364,2.9631716227
218470,Andromeda,,0.449,34.0947834981,3.0165603149
218630,Grus,,0.475,34.6380325598,3.1322339194
218804,Andromeda,,0.45,28.2565696524,3.6544028132
219080,Andromeda,,0.302,24.4977951984,2.5843650019
219134,Cassiopeia,,1,6.5257113025,6.4968607166
219449,Aquarius,,1.107,45.516613564,0.9491502846
219482,Tucana,,0.521,20.5761316872,4.0731813463
219482,Tucana,,0.521,20.5761316872,4.0731813463
219482,CoronaAustralis,,0.521,20.5761316872,4.0731813463
219482,CoronaAustralis,,0.521,20.5761316872,4.0731813463
219571,Tucana,,0.41,22.0264317181,2.2752792643
219615,Pisces,,0.916,40.1284109149,0.6827401899
219623,Cassiopeia,,0.556,20.2798620969,4.0446750127
219693,Grus,,0.445,34.6140533056,2.8437377092
219834,Aquarius,,0.787,20.7382828702,3.6161360302
219877,Aquarius,,0.386,34.8189415042,2.8509221779
220117,Andromeda,,0.468,42.3908435778,2.6336397044
220321,Aquarius,,1.082,49.6524329692,0.4802973311
220729,Grus,,0.409,31.9693094629,3.0063337219
220825,Pisces,,0.036,49.7017892644,1.4681398819
220954,Pisces,,1.062,48.6854917235,0.8330021963
221420,Octans,,0.681,31.7561130518,3.3108633032
221950,Pisces,,0.449,30.9885342423,3.223994827
222107,Andromeda,,0.984,25.8131130614,1.7507980819
222345,Aquarius,,0.257,41.0172272354,1.9051685064
222368,Pisces,,0.507,13.7912012136,3.4319895256
222404,Cepheus,Errai,1.031,13.7931034483,2.5116900329
222603,Pisces,,0.2,30.8832612724,2.0413842221
222661,Aquarius,,-0.032,47.258979206,1.1175783168
223352,Sculptor,,0.001,43.9947206335,1.3729971786
224392,Tucana,,0.06,48.7092060399,1.5619447469
224617,Pisces,,0.419,32.4886289799,1.4713430775
224930,Pegasus,,0.69,12.4023316383,5.332483299
225003,Pisces,,0.315,37.6931775349,2.8186862499
257498,Gemini,,1.029,18.0115273775,7.3122472872
285590,Pisces,,0.924,32.144005143,8.4245000555
304043,Cepheus,,1.49,12.5454773554,11.1675640456
304043,Cepheus,,1.49,12.5454773554,11.1675640456
304043,Aquila,,1.49,12.5454773554,11.1675640456
304043,Aquila,,1.49,12.5454773554,11.1675640456
358025,Puppis,,1.347,47.8697941599,8.3596921999
358025,Puppis,,1.347,47.8697941599,8.3596921999
358025,Circinus,,1.347,47.8697941599,8.3596921999
358025,Circinus,,1.347,47.8697941599,8.3596921999
